{
    "matrix": [
        [
            0.965738735528316,
            -0.009886257978607269,
            0.11983101472618791,
            219.20405131555404
        ],
        [
            -0.053364322009172994,
            -0.9627662590283128,
            0.0555597513478623,
            63.663127477304464
        ],
        [
            -0.03189642771689827,
            -0.028285882125714146,
            -0.8514174190490597,
            650.2266956540038
        ],
        [
            0.0,
            0.0,
            0.0,
            1.0
        ]
    ],
    "calibration_points_count": 10,
    "calibration_rmse": 3.227382746437151,
    "transformation_type": "complete_3d",
    "matrix_size": "4x4",
    "calibration_datetime": "2025-08-07T16:22:44.678424",
    "validation_results": {
        "x_rmse": 2.313391655003409,
        "y_rmse": 1.871221158810285,
        "z_rmse": 1.2500999229587573,
        "total_rmse": 3.227382746437151,
        "max_error": 4.896643123730448,
        "min_error": 1.8623200580663692,
        "mean_error": 3.072026661438366,
        "std_error": 0.9892682060048498,
        "errors": [
            [
                -0.002055968096073002,
                -2.224391403629596,
                -2.0375735178758525
            ],
            [
                0.04052532671886411,
                1.8208403360263787,
                0.8734044395586373
            ],
            [
                -2.4862526352583814,
                -0.17982139657028995,
                0.1009353697176536
            ],
            [
                1.3917193156661085,
                -0.8175676540516434,
                0.9289437421753135
            ],
            [
                -2.8225068465434333,
                0.15068891607680257,
                -1.1620841749243027
            ],
            [
                3.9203819106589606,
                2.774653352638069,
                0.9534245268761445
            ],
            [
                1.105740688942177,
                2.7143587030027163,
                0.44729098396376443
            ],
            [
                1.9672866745082445,
                0.33396777839431024,
                2.0930741006743574
            ],
            [
                0.904074241566434,
                -1.8419841804657295,
                -1.639553760060176
            ],
            [
                -4.018912708184359,
                -2.730744451416655,
                -0.5578617101069767
            ]
        ],
        "point_errors": [
            3.0165588315653706,
            2.0198854290397423,
            2.494789740610173,
            1.8623200580663692,
            3.056090914521761,
            4.896643123730448,
            2.9648734988333283,
            2.891835148762306,
            2.6264791047098375,
            4.890790764544326
        ]
    }
}